reel_id,avg_watch_time,likes,shares,comments
1,14.25826741015319,34,19,12
2,15.462056526980257,41,23,16
3,12.931057999920574,34,18,11
4,17.846295079723273,47,27,19
5,13.076798804928112,40,21,12
6,16.23267858273762,34,18,13
7,14.942263158573795,34,17,15
8,15.904304446235528,36,25,19
9,12.694388590610806,36,15,10
10,13.226025720190076,34,16,11
11,17.080174474810658,42,26,20
12,16.263365716383213,42,23,12
13,14.410378366663064,39,24,15
14,13.142188162376696,31,15,7
15,14.117088037090308,39,24,14
16,15.821979232118519,45,24,18
17,13.198518293189643,39,16,12
18,17.07117613656709,45,25,20
19,12.993547216193774,35,24,18
20,13.954462036131915,42,19,11
21,13.241741926445796,33,16,12
22,16.86110536930964,33,15,15
23,13.389844223567156,28,15,10
24,16.152955883000693,45,23,19
25,15.576580186822554,35,17,13
26,14.407466890060343,38,22,15
27,15.830189499460271,37,19,13
28,13.716476861975758,37,19,17
29,15.107690600255852,37,23,15
30,15.397663829479058,35,21,16
31,14.311907185003182,35,13,8
32,16.058508151041888,37,21,16
33,12.963675028011572,34,14,7
34,13.595890647792574,33,17,11
35,11.823997341636618,33,13,11
36,13.47646817044867,35,15,10
37,17.258293268490753,46,24,20
38,13.82706511191545,32,17,10
39,13.741357328611967,32,15,12
40,16.828158814010806,47,28,19
41,13.847174111748938,41,14,8
42,13.949277965887894,35,18,10
43,14.863109352212042,38,22,16
44,15.8253416265935,44,21,14
45,15.14538801776387,45,22,10
46,16.966658496686534,36,18,16
47,15.803432902517095,41,23,18
48,16.42751238653022,52,32,23
49,15.094096604948694,36,22,14
50,15.534686587855939,35,17,11
51,15.394897236184628,32,18,14
52,17.44738447892417,47,27,17
53,13.148997846627434,41,18,11
54,14.837189600842775,42,20,13
55,15.332930563309931,46,26,14
56,13.888389372497201,47,29,15
57,13.495615660558517,39,18,15
58,16.74529325006481,46,25,14
59,13.571318175857751,41,20,10
60,14.744928690545205,36,16,13
61,13.658364173028406,43,19,14
62,15.621989800738385,38,25,19
63,15.220550535459433,47,27,16
64,16.045241373311917,44,26,14
65,16.477905818454584,51,26,16
66,15.378029041002584,35,19,14
67,12.517595742257653,36,16,7
68,14.580314776767068,35,18,14
69,15.539862478331957,40,22,14
70,15.756834381365078,52,28,22
71,11.026927575534684,33,11,8
72,16.953692053302927,47,27,15
73,12.59897490822525,29,14,8
74,13.320450148724795,25,15,9
75,17.467833269337582,36,22,17
76,12.96343334144749,37,18,13
77,14.959366661558576,48,24,15
78,13.79914207787388,36,16,13
79,15.892132530841655,27,14,10
80,15.88393357676633,45,24,18
81,16.20631759205815,33,17,16
82,16.172507355509378,37,24,15
83,11.670027055967221,25,12,8
84,13.967040648372437,37,20,13
85,15.575280889618938,39,21,17
86,15.502663759703644,38,18,11
87,14.335429590923647,27,17,11
88,13.98363231914097,36,14,9
89,15.21021297066891,37,21,16
90,18.63457135153146,41,27,17
91,12.89512741120366,34,20,10
92,16.042864824268236,47,24,16
93,16.375871918991955,36,20,19
94,16.34588451969082,36,20,15
95,14.036099459741362,34,17,10
96,13.323436854742287,27,12,10
97,15.760082549858433,37,19,14
98,14.635785925658503,35,16,11
99,11.183687524544803,36,10,7
100,14.1936081773284,41,26,13
101,14.978244455098796,39,19,12
102,12.636949028391864,36,15,10
103,16.639691955080362,34,23,16
104,15.493988676479205,34,22,16
105,15.077250531618011,44,18,11
106,13.426214220540835,31,18,8
107,19.226030238674642,44,19,16
108,15.428740736894754,39,22,15
109,15.678578298439506,37,18,13
110,14.731874274687424,41,20,17
111,12.925498661620667,37,15,10
112,17.67601300549241,42,23,21
113,14.638809174808676,46,23,17
114,17.208898478500917,43,22,17
115,14.385141250504835,38,21,16
116,14.225085942145608,44,17,12
117,16.748520571978155,45,22,16
118,16.25434083329999,43,19,16
119,14.08865114060249,39,18,13
120,11.886491425473787,30,17,10
121,14.577798104990011,31,19,16
122,16.252864250818078,41,22,18
123,13.434256822847255,40,15,13
124,14.842365258543468,34,20,16
125,15.602934081088838,48,25,15
126,14.373842662873114,32,15,13
127,13.889187549352338,43,23,15
128,16.30764424633199,41,24,19
129,13.694894280315102,39,17,13
130,12.63103267176,40,15,10
131,14.03215413110807,39,17,14
132,13.849556647438222,34,15,10
133,14.550426209129565,43,27,22
134,16.063560780206195,36,18,15
135,16.396690883699627,49,24,13
136,14.73809352970279,39,20,14
137,15.322335514583354,41,20,11
138,14.539374803407446,35,19,11
139,13.793085648185151,41,19,9
140,17.141244161422044,38,21,17
141,15.399845399602746,31,19,15
142,13.932626117504096,37,18,13
143,14.917240695577933,33,19,16
144,14.519431388366458,38,21,13
145,13.262741446754951,40,19,9
146,18.28025280195815,45,28,22
147,14.930196591722527,40,23,19
148,15.645534057389584,36,17,13
149,16.26468919117183,46,25,20
150,13.504485054756428,38,18,14
151,11.453265377183982,31,14,8
152,15.813970254793293,37,18,15
153,14.738918016445082,42,23,14
154,20.476273746745637,36,24,18
155,13.660970237711194,39,15,12
156,14.805518210531822,44,22,17
157,16.156788961025768,39,25,16
158,13.990169270250755,30,15,8
159,14.260351615305758,31,16,13
160,14.600197864197957,33,20,16
161,17.592293131318982,37,23,15
162,15.408080804130034,43,23,16
163,14.047196152566109,36,18,10
164,15.214576438762673,39,26,19
165,13.106501846678805,41,19,15
166,16.317515396705904,38,22,14
167,10.77332827043828,32,11,8
168,15.612412660182818,41,20,13
169,16.039482550584303,43,21,16
170,15.018294906868837,34,20,15
171,15.440827680073454,44,28,18
172,15.23114961449061,38,19,14
173,14.348721421606655,36,22,14
174,14.807697903114533,34,17,14
175,15.894940388663638,40,23,16
176,13.99790002510527,44,20,16
177,13.298579994257622,39,20,10
178,10.620523831375138,33,10,8
179,15.05394030610234,31,17,16
180,12.236862606879118,27,16,11
181,16.842955291023326,46,26,16
182,12.94416508685612,35,18,13
183,16.837545684549347,33,19,13
184,15.34855687624001,35,18,16
185,13.073630964002312,36,17,8
186,13.088459383242727,36,17,12
187,11.869812061449576,40,17,8
188,13.287788292993133,27,21,14
189,10.812257796050854,27,14,11
190,14.809198137222568,43,22,16
191,14.502543049283057,35,22,18
192,15.554152859574865,30,17,14
193,14.59746443913562,42,20,16
194,18.136697016958212,45,22,21
195,12.705479995079731,33,15,11
196,16.044999731781992,40,23,15
197,14.982106927668553,42,23,16
198,16.846216955062236,42,25,19
199,15.046843079758023,38,25,15
200,13.887209083714078,31,20,13
201,14.57735394025819,36,22,15
202,15.363089327944179,31,21,14
203,13.341935885966546,33,12,7
204,14.67422115995424,33,17,13
205,16.60306991713619,44,18,14
206,15.552395039804885,28,18,15
207,13.528489091701038,31,15,12
208,17.781219926221837,48,31,21
209,14.105877918396539,32,19,12
210,12.8104033465581,31,13,10
211,19.144167372911465,38,25,22
212,15.54360343739033,38,19,10
213,17.02902475145552,48,34,24
214,12.438395005846424,35,23,16
215,14.731252416458608,41,18,11
216,14.557189841876367,25,12,12
217,13.562172759060351,34,19,12
218,14.853730270151326,40,21,15
219,13.86325853649868,43,18,16
220,16.068747344561167,52,28,17
221,13.534391113468084,30,15,8
222,15.395583419042344,38,17,13
223,13.476791064644136,36,19,10
224,12.335844790106249,33,17,13
225,15.733332059351676,43,29,21
226,18.776502765906116,42,23,21
227,12.415221251836313,24,10,7
228,17.308882602369334,50,30,23
229,15.65788641622945,47,23,18
230,10.070985919745326,27,11,5
231,15.337686255730802,51,22,17
232,16.58298192373725,40,21,16
233,13.89030260027439,35,18,10
234,15.157252183145397,32,18,17
235,17.198086186272278,43,24,17
236,15.985173651211113,45,25,15
237,14.138443773147909,42,24,14
238,13.249590143734638,40,16,16
239,14.20110581309233,33,19,14
240,15.384742966002056,38,21,10
241,15.307579617866168,34,15,11
242,16.125268561435906,50,21,18
243,16.31929134509011,41,22,18
244,13.573642946349452,33,17,16
245,18.90859469144843,44,21,18
246,15.530258878858609,46,21,17
247,14.267361931644896,32,19,11
248,14.617637886836318,42,20,18
249,15.045244534130045,47,24,16
250,13.410703943249619,34,20,16
251,18.65988000598713,38,25,19
252,15.345343715564567,44,26,16
253,17.3473447696789,39,22,17
254,14.688066634460425,39,19,11
255,14.573562724671692,31,16,12
256,14.851545309105765,38,20,16
257,16.683691740115897,37,20,14
258,13.139184902169331,38,17,10
259,14.840292080822893,40,20,15
260,14.11098736422706,34,18,11
261,13.061353735066312,33,13,8
262,16.59575771297421,36,20,10
263,17.015606338283952,38,19,14
264,13.998797058739775,51,26,16
265,14.853598356020234,42,27,20
266,12.037855516446417,33,15,9
267,15.321077487975426,47,21,15
268,12.341822639809134,34,16,12
269,12.679022747787236,33,15,10
270,15.015369921919762,50,22,15
271,16.75306988301506,46,24,19
272,18.226452553775136,42,26,21
273,15.073010264842361,36,21,15
274,16.29245135668368,39,24,19
275,12.92942981470342,31,17,11
276,15.795644647901588,33,23,16
277,14.544742172359044,32,17,13
278,15.855848673210357,38,17,13
279,15.766625190581616,42,21,14
280,15.28152084886399,39,25,16
281,13.411734573990126,31,15,14
282,12.852583234485099,37,13,7
283,14.834653373216236,36,20,14
284,14.491226581852443,35,14,11
285,15.10956344471037,32,21,14
286,15.389274331097951,34,14,14
287,10.509795861372107,26,10,7
288,14.162727213699378,30,21,14
289,14.51568476191689,32,17,13
290,12.794771609901533,37,17,10
291,16.432616454008038,37,19,15
292,13.18055822271581,35,21,12
293,13.367457451848294,41,17,12
294,14.018986822901832,30,17,16
295,12.631933079421026,34,15,12
296,15.187708823192684,46,18,12
297,14.814507709074821,34,16,13
298,13.836976865037212,38,19,13
299,13.605744053946202,33,18,13
300,17.343971485870167,39,23,20
301,14.506874626257659,40,24,18
302,12.10911731787488,32,16,9
303,17.920570341996125,35,18,13
304,15.049629035500548,41,24,21
305,14.81563887314651,42,19,14
306,18.02033676707985,40,27,22
307,14.29019202794124,32,23,15
308,16.462442631493072,38,20,13
309,14.475773169804187,41,20,15
310,17.490537282428534,30,18,15
311,13.464153444885241,35,14,13
312,15.831227768207798,40,21,16
313,11.17245388123086,30,7,6
314,14.691997682641183,45,22,18
315,15.000241984148337,44,22,14
316,14.492134470048079,28,15,12
317,14.10281108635151,36,15,13
318,18.896443422754967,53,34,27
319,16.281511073634874,37,18,11
320,16.627339023916388,42,20,15
321,14.825302881081884,43,27,23
322,15.157750291912492,38,19,14
323,16.670856098788825,42,20,19
324,14.486995720652143,47,22,12
325,11.416013077052474,26,9,5
326,12.533254395093579,36,15,10
327,13.624367917960075,30,18,13
328,14.355109787329244,39,19,11
329,13.794631048507133,39,23,16
330,13.54433736733361,37,14,10
331,13.420896551625125,32,14,10
332,15.598048927512226,38,20,14
333,15.054161838744719,35,17,13
334,16.6744597151203,36,23,16
335,15.743194071654331,39,16,13
336,12.973447152502018,40,19,14
337,15.4522557382166,43,24,18
338,13.464620691658476,40,22,10
339,12.924140468213235,33,13,11
340,16.870936883377006,43,24,15
341,12.800762621546951,34,20,13
342,15.991451694401205,41,21,14
343,14.998529139591758,28,18,15
344,16.799991291041714,36,17,15
345,16.48343667667426,34,23,16
346,13.576034384181858,34,12,10
347,14.11273298069655,35,15,11
348,15.55219842010479,43,28,20
349,14.831604230435762,31,17,13
350,16.87153934649265,37,21,14
351,12.81314561435496,25,12,11
352,16.134827104271206,48,24,20
353,13.155509723795392,37,16,12
354,14.364560700410962,51,24,20
355,14.53772972600657,43,21,16
356,15.411348428932753,36,19,14
357,14.610082616474045,41,23,14
358,14.013759029276738,37,18,12
359,17.041135092816283,48,31,28
360,15.749921939581665,47,19,17
361,14.04742646822204,24,15,10
362,14.162870819010708,35,16,11
363,13.6842606323988,29,17,14
364,18.04541145825962,40,26,16
365,14.022688605455388,43,16,10
366,13.049162787619201,31,18,14
367,17.518640077840427,45,27,20
368,16.468803716361062,37,23,17
369,14.591165653222276,34,21,17
370,16.596588455948037,41,27,19
371,15.408098438636642,39,23,16
372,12.74517620783262,35,15,13
373,15.644106647227787,43,22,17
374,13.25859219806897,37,17,8
375,13.547416707082363,42,22,11
376,17.851815105378986,49,25,16
377,13.482521104310306,37,13,9
378,14.514701812455755,41,23,14
379,13.82084074112801,41,23,15
380,14.758588233154407,34,15,11
381,16.294260259350555,43,27,18
382,17.91545296110412,38,22,21
383,15.464481263306014,45,23,17
384,13.28290652255086,47,21,12
385,20.33335474630277,40,30,20
386,16.273000339960195,33,15,11
387,15.186972817185229,50,24,14
388,14.228138971207617,37,17,14
389,14.520063009399276,44,20,16
390,14.21698577512365,41,16,9
391,17.771569711515674,39,20,15
392,13.076587301733538,31,16,11
393,14.244137055358033,38,22,13
394,18.414308778458626,35,21,17
395,13.528020315208655,38,17,10
396,14.88930423919401,48,17,14
397,12.757280235447835,34,12,10
398,15.023001000301917,40,16,11
399,13.789333599730961,37,15,9
400,14.439085777718569,34,18,15
401,13.965654922442718,33,21,15
402,14.57536979355493,41,21,18
403,12.091664624858657,25,10,8
404,16.116801314770928,42,24,18
405,15.471958291222148,36,20,18
406,14.538346424821384,36,15,13
407,14.556876302527362,34,16,12
408,16.195706823383823,30,22,19
409,16.28183366887932,39,18,13
410,16.727227381438283,38,25,20
411,16.963739215506223,36,21,16
412,15.894524913109764,44,21,19
413,11.800885385632993,37,9,9
414,17.171814203695497,41,26,18
415,17.15844566070001,41,22,16
416,15.991850889246173,36,21,16
417,16.58316200671895,38,18,12
418,14.131616627246128,39,18,13
419,15.034462499165409,31,19,13
420,11.776237615122424,30,12,8
421,15.511288175777269,39,19,16
422,12.079990001481876,29,12,8
423,12.885105478812097,35,16,10
424,11.749286000419142,35,17,11
425,14.024996158898794,43,21,11
426,17.30185498228839,44,22,18
427,15.199256854031882,41,21,16
428,12.988762526722313,25,12,9
429,16.312183577996358,45,24,14
430,18.112300444736004,47,26,21
431,16.253715868455107,46,25,15
432,15.106751961223788,38,14,10
433,12.624695787626125,31,12,8
434,13.65271974538576,35,17,10
435,15.048586365616483,39,19,15
436,17.599797865901557,41,22,18
437,11.387284482573628,28,16,10
438,18.1017820552293,39,20,17
439,17.32077477879885,45,24,20
440,11.870568472386367,26,11,9
441,16.323715892394507,41,25,15
442,13.103930897920847,33,15,8
443,13.899842856200923,38,19,13
444,15.287242808157808,37,17,13
445,17.67835813309001,42,24,19
446,15.465753512207035,35,16,14
447,16.297724581031083,37,21,19
448,14.786444170529558,49,21,16
449,12.572919467677064,31,14,11
450,14.46933937883902,29,16,13
451,14.969584055424502,33,23,18
452,12.719842813541431,36,14,10
453,14.664134150753574,32,17,15
454,14.232743792469336,40,18,13
455,16.79304136584467,47,26,21
456,14.002843073654716,31,15,10
457,17.62843685038495,41,27,19
458,14.075865037776362,33,15,11
459,17.405101015717946,42,24,20
460,14.819471114603276,41,20,13
461,16.847932985671285,48,28,18
462,16.3798673088912,42,19,14
463,14.206904352710005,38,17,11
464,16.389723499562752,36,22,14
465,16.26582016198657,54,33,19
466,14.474897707106951,43,20,14
467,14.545324610315715,44,23,11
468,12.31481053673571,26,10,6
469,13.357091011168203,30,14,9
470,15.319600818428134,36,20,16
471,15.766304896911446,42,23,17
472,16.03358144055773,40,21,13
473,17.424593631585935,43,21,16
474,16.10706075806273,43,26,19
475,12.581209295706657,36,16,11
476,18.167617251706982,52,26,25
477,18.04607899340968,35,23,17
478,17.29877092698073,38,18,15
479,14.017850501853372,29,15,11
480,16.163606493407514,41,27,17
481,15.404081358013087,43,21,15
482,13.625823967992122,41,15,11
483,13.948059520469169,38,20,14
484,13.584910293977208,36,16,7
485,13.456285456676772,34,16,10
486,11.988543694360194,40,18,10
487,14.24552207286311,35,17,11
488,14.42901634147908,32,15,7
489,17.239674530145813,57,27,20
490,14.055118388734641,28,15,10
491,15.610605186447145,45,20,17
492,15.671842732406848,37,20,15
493,11.80520430935058,27,12,8
494,15.26666995327888,48,23,16
495,14.901897284378643,33,20,15
496,15.755370763654133,42,25,16
497,13.909859326765798,37,19,10
498,14.846060525575176,36,13,10
499,15.372703253767682,40,20,16
500,13.819534088129213,39,20,13
501,10.228489951470875,29,12,7
502,13.659577065774892,34,21,15
503,14.00715607648387,44,21,15
504,15.421117099333085,45,24,19
505,12.691437357815644,38,14,11
506,13.91728438933653,38,23,17
507,14.10392235429622,32,15,10
508,17.767887190235495,51,30,21
509,14.44727351653054,36,18,15
510,14.65753073524781,28,16,11
511,13.868708006805504,43,20,13
512,15.387029618889887,47,20,15
513,13.07974628682001,30,13,7
514,17.787647902655337,48,25,21
515,15.318901619531937,42,18,13
516,14.260116743495194,24,12,9
517,17.224898836939758,33,19,17
518,12.92534648072967,37,17,12
519,14.591213037266899,37,18,11
520,17.05622848360109,41,24,17
521,15.817625040820325,40,18,14
522,15.226501621130373,51,24,15
523,12.815673571053583,40,15,11
524,17.491709421993445,40,23,19
525,14.200393464163655,45,22,15
526,15.907818098981899,35,17,14
527,15.151716149495114,35,17,12
528,14.865995310236453,38,22,10
529,17.427424914946467,41,23,19
530,14.258139634171611,40,18,12
531,15.48735355808815,49,29,20
532,15.14934501675786,43,27,14
533,13.78625321622195,30,19,13
534,15.729381309262847,37,21,13
535,16.33078249257431,40,26,16
536,15.441798802256715,35,20,16
537,12.628954012907394,30,13,9
538,15.871557088548442,41,22,18
539,17.953785778531596,44,23,17
540,16.45895306416674,51,25,20
541,15.022953391461558,39,16,13
542,16.56180292043166,48,28,19
543,11.720245027131488,31,14,5
544,14.995402497995238,40,18,13
545,14.271430616209189,47,22,11
546,17.03219443309605,36,23,17
547,11.655480618968433,35,14,11
548,14.365173861766584,45,22,14
549,15.290594367352167,41,16,14
550,14.82686875323109,46,22,17
551,13.494179297496999,42,20,12
552,14.941565550092259,44,17,12
553,18.48236467838154,49,27,21
554,12.989283352028922,38,17,9
555,11.443578328837244,28,12,8
556,15.999103088280124,42,26,18
557,13.598256262128569,33,12,10
558,15.298085615924924,40,23,16
559,15.015228968502681,35,21,13
560,15.937481501886774,36,18,11
561,12.36672399431721,37,15,8
562,16.382772810538146,39,24,18
563,15.33362749999834,39,25,20
564,15.895131135476296,38,22,15
565,12.445188138062006,37,14,9
566,12.247691063475678,27,13,11
567,17.105963052466343,48,25,16
568,14.139932180546133,47,18,14
569,11.58637693327673,25,14,10
570,16.196584280615276,46,25,20
571,14.405152729169203,29,14,13
572,15.332316197910133,45,23,17
573,14.68938925657019,42,24,20
574,16.224702203195335,38,20,13
575,16.31589177043074,32,21,16
576,13.69587140372459,27,12,9
577,16.87755875692359,35,20,13
578,13.922664159853463,38,17,15
579,15.207756940614233,35,22,19
580,14.744207046238941,35,19,12
581,14.811184427880184,45,16,14
582,14.80645406558955,38,19,12
583,12.33444469259445,28,14,8
584,17.144366392497748,39,25,12
585,17.836075638034803,42,26,20
586,16.805400017823974,44,25,23
587,12.221380095737858,38,16,8
588,14.270023791323695,32,17,11
589,18.432651667645715,46,24,17
590,13.891697234058306,37,24,19
591,14.980257552016786,40,16,13
592,15.975436971819864,34,21,14
593,16.562754960094097,35,23,13
594,16.53160519566409,32,24,13
595,16.518770255213894,32,18,18
596,13.125468972589825,34,13,9
597,11.927313388912847,34,12,9
598,17.131268441973862,47,22,17
599,16.1244948215005,35,18,14
600,16.302989870554562,40,21,16
601,16.560679391042573,33,21,19
602,17.108337907551295,43,19,12
603,15.020978491549076,39,21,17
604,15.281286369804747,39,20,12
605,19.881863275482345,41,24,21
606,11.230988698645168,33,15,11
607,15.307333465535335,28,18,13
608,16.101345591246144,41,23,11
609,18.375030701607066,42,25,17
610,15.165451306664883,46,22,11
611,17.071910616478704,33,18,16
612,13.311643116157432,40,20,11
613,12.907532647622851,31,14,11
614,15.962394203024328,49,29,25
615,14.959404497395282,41,20,15
616,13.476060148981727,31,13,9
617,11.533187063750871,30,9,4
618,15.208086023142291,40,18,12
619,15.20323577434255,45,21,13
620,14.075131189154076,35,17,13
621,14.362990635487018,41,26,15
622,15.954713044698494,38,24,18
623,16.741108534911813,35,20,15
624,14.739342898738752,42,21,15
625,15.577629138705044,36,17,13
626,17.407851698986335,41,22,18
627,16.532162868228987,36,20,13
628,14.955708028046443,37,21,13
629,13.294222139723434,35,14,11
630,16.629181198990512,42,26,19
631,14.16596153400942,32,18,10
632,11.370651825671152,28,13,11
633,16.740814288169762,37,26,17
634,19.659630465713413,49,29,20
635,13.329244010371083,39,18,12
636,11.376984065636645,39,13,9
637,16.901464014450205,36,20,17
638,13.357365899158026,29,13,9
639,16.10430996058318,36,18,15
640,14.047493500039748,34,15,12
641,15.879335748358448,45,28,12
642,15.569925364273962,36,22,17
643,14.045384181773676,48,22,16
644,17.12158782359191,47,25,19
645,14.440065588218813,44,21,13
646,13.853017169186854,35,19,16
647,16.741420080266458,45,24,19
648,13.580910938087031,26,12,9
649,15.642388988717578,33,20,15
650,15.938501367493517,38,20,14
651,14.042849234286557,42,19,14
652,13.468583975001417,32,18,15
653,17.444825503503093,41,27,14
654,17.292940726558996,35,20,14
655,15.734118689150739,49,24,21
656,19.198721603012892,48,27,20
657,13.598029415075748,30,18,13
658,17.512512108162394,46,20,17
659,13.286977803725419,34,14,10
660,12.897067523405854,27,13,10
661,14.886239230824062,43,19,14
662,16.12410816385613,43,25,17
663,12.961658790119559,33,11,9
664,15.017779379510634,35,16,9
665,15.881670588033902,36,21,13
666,14.174491028033671,32,13,11
667,14.211419077998274,30,16,11
668,15.399177528317182,39,17,11
669,15.823448125705518,36,23,19
670,14.76445472824714,44,19,13
671,14.985569033953416,29,17,9
672,14.552686880394326,40,21,15
673,14.681533400824028,40,16,14
674,15.519100835162078,40,21,16
675,13.699516000429869,30,19,16
676,15.489551601697075,40,24,16
677,14.197941515493701,35,18,12
678,13.409066179325965,38,22,13
679,15.668224333683622,49,22,17
680,11.81913732032316,35,15,10
681,16.45782298311635,42,22,20
682,14.57844904988322,41,20,14
683,17.026680290421055,45,20,17
684,13.307815751564096,39,18,11
685,15.990830073288915,36,18,13
686,15.24299556699778,37,21,17
687,14.167939458260893,40,18,12
688,14.996366026864868,45,23,15
689,14.901998917199673,43,19,13
690,16.134333777994833,30,17,10
691,14.80370431536216,33,21,14
692,15.415368977127295,35,15,11
693,17.34383119921196,39,27,17
694,13.36803943795436,41,21,14
695,15.0085749991228,29,14,12
696,15.822328575870513,41,23,18
697,14.79930520529859,29,15,11
698,13.188194318206383,34,14,11
699,15.323350814419028,35,22,15
700,14.556606949081178,42,22,13
701,14.290074856028992,39,21,15
702,13.192569991757106,40,21,16
703,16.828128690779884,46,22,15
704,15.987540557411428,44,21,14
705,14.344726489721063,38,17,10
706,14.080712798447603,35,16,12
707,16.11039197108178,45,23,17
708,17.303231161041133,40,23,19
709,14.711081933489705,38,22,16
710,15.444425839840536,49,27,20
711,15.041365464483517,47,24,17
712,15.890929678635905,38,18,14
713,15.435843686281032,42,26,18
714,14.32164583161417,34,20,14
715,14.504738044270063,33,17,13
716,18.485509011452383,48,31,22
717,15.710544806689326,45,18,12
718,14.498919000203863,50,30,21
719,16.639577599486742,44,24,22
720,15.582976289270468,48,23,15
721,14.715430167966662,36,20,13
722,13.963749188523815,37,17,13
723,15.971778858519855,39,23,16
724,18.020355712917024,53,29,20
725,15.140501791856709,43,22,16
726,13.259987021883306,23,13,7
727,15.304574344786731,45,20,18
728,14.459083482489003,39,20,14
729,14.431023166261502,49,23,18
730,14.246275273673815,26,15,10
731,13.207512607513761,44,15,9
732,16.101824951141566,48,24,17
733,15.840932209490944,49,28,17
734,15.629641968186712,38,19,13
735,14.755300762459992,28,17,13
736,18.454789451886707,54,27,20
737,15.754979316472696,42,24,18
738,13.990186049799053,39,20,14
739,14.764005253522111,37,18,13
740,14.723769228822325,47,23,14
741,15.962401252554216,45,24,19
742,14.249839391050894,41,20,14
743,15.327547676688225,27,17,12
744,15.752602547913154,50,26,13
745,14.42763255560683,42,18,15
746,16.278402654277457,53,25,17
747,13.249012865286158,35,13,8
748,11.888166639054269,35,15,12
749,14.389341513847988,40,21,16
750,17.30613709777376,44,23,12
751,14.225525898297985,30,14,11
752,12.29782596040834,35,13,8
753,14.967137920877008,47,25,21
754,14.707448767999061,32,15,9
755,14.59269513178208,43,21,12
756,14.236444136444097,42,21,14
757,14.333648072168351,36,14,9
758,15.149438244644372,30,18,15
759,14.357706154264358,40,21,14
760,13.68495932620195,29,17,13
761,15.580551111758423,36,14,14
762,12.86914916726591,34,17,11
763,14.906454203694443,43,21,17
764,13.799793259276905,46,19,15
765,15.672225896088637,43,23,17
766,15.51288346764846,47,25,16
767,16.306052561139264,35,20,14
768,14.698624478796225,40,21,14
769,11.594318755260437,29,12,10
770,11.54588295101782,30,14,11
771,15.476194293909078,45,24,19
772,17.261369563728696,47,29,25
773,15.831132757716581,40,22,18
774,15.55769060179034,35,20,13
775,19.287390637276335,48,27,24
776,14.3774143668262,40,21,12
777,16.39501899615459,35,24,14
778,15.664492420795474,46,22,19
779,13.142198541812185,37,18,11
780,15.727923344576311,47,24,18
781,15.866315915143339,34,21,16
782,12.878446512289202,27,12,9
783,15.371055793448708,45,22,14
784,16.383541696258053,39,28,21
785,16.532811506614006,34,21,14
786,14.675771074699963,36,15,11
787,13.749874872971736,37,16,11
788,12.258626956757146,33,14,9
789,11.869977209399563,32,12,7
790,14.206321705240613,38,13,9
791,17.2364979022825,39,18,13
792,12.250455883407056,34,13,11
793,13.852062894224193,36,14,10
794,17.517165430403043,45,29,21
795,14.645851427035064,40,18,16
796,15.48788545449727,25,10,8
797,14.13168961549186,38,14,10
798,18.537413841266662,53,29,18
799,18.167175182455896,52,27,19
800,12.254149550927034,28,11,9
801,12.971667752464887,46,20,13
802,16.731626428099062,41,25,19
803,15.366990213312985,37,18,13
804,16.406173528220506,37,24,18
805,15.886698631481067,33,20,12
806,15.418476965179856,42,22,19
807,16.4691197768277,43,24,19
808,13.009941431360907,34,16,14
809,14.387048853174365,46,19,13
810,13.346086083991654,37,18,11
811,11.97857962089457,32,18,15
812,12.610923780608147,37,17,12
813,12.336494124392893,30,11,7
814,13.912743549488889,37,20,16
815,12.490808898314151,34,16,11
816,12.245603037403708,27,13,5
817,16.01360887463377,39,20,18
818,13.735486750817222,36,15,9
819,15.479661494029946,45,25,18
820,13.86183418273553,35,16,13
821,16.677082847728048,32,17,15
822,15.64308954055076,40,24,17
823,14.310946146752427,29,16,9
824,12.954975026380781,36,17,10
825,13.56322755564793,39,19,11
826,17.62547921680196,40,21,16
827,18.535758145541337,42,26,19
828,14.733181417609545,32,19,15
829,11.689812890698343,26,14,10
830,16.420974788920397,45,24,18
831,12.818527876783076,37,16,12
832,16.289121927116575,32,20,14
833,12.82983589841235,38,16,12
834,14.148988643752318,41,18,12
835,14.25251682507044,33,18,12
836,15.488561572434406,39,20,16
837,15.85363314366387,44,31,21
838,13.870549296089825,36,14,10
839,16.666146164147904,39,14,11
840,12.902716610850332,38,18,12
841,14.595678482385546,43,21,14
842,14.723625916121186,37,18,14
843,13.567347233080874,34,15,9
844,13.968205197921444,37,20,14
845,15.040537847171814,35,19,14
846,15.32494673543074,52,30,21
847,15.837557631385103,42,25,17
848,14.631835048440607,36,17,11
849,14.588723032035226,34,19,12
850,12.471237851948935,35,17,10
851,16.665134327101317,40,23,19
852,16.508754775968946,40,22,10
853,12.978543644140766,35,19,14
854,15.168765321837292,30,16,15
855,16.4392835219968,47,25,21
856,19.039722424161358,41,23,19
857,15.343813449931277,32,18,13
858,15.626344312856414,33,20,11
859,16.139137499156874,39,20,16
860,16.122602419092825,36,22,15
861,14.837501071095025,40,22,17
862,13.252353209211211,31,14,12
863,15.771795784806345,40,24,19
864,15.32229129127398,38,20,18
865,14.91969778930007,46,25,21
866,16.650696834852983,32,20,16
867,17.071764918609883,47,23,19
868,15.15090675573905,33,19,14
869,15.71823957268417,39,16,14
870,13.907871508029373,34,14,10
871,13.65563056450377,40,18,13
872,12.493251816537144,30,12,9
873,14.206992970746478,35,17,13
874,17.57919507358019,37,19,14
875,15.10620978646772,44,23,13
876,15.219696425796366,39,19,16
877,15.7416378248044,45,24,17
878,18.29238043150598,49,29,23
879,14.904958014280439,44,16,11
880,17.073047243051224,44,22,16
881,13.066707653882743,32,15,11
882,16.518705513915464,40,24,19
883,15.560058437033168,37,24,15
884,15.37128065224247,48,21,15
885,15.298939845893932,34,21,18
886,14.809934324022336,35,18,11
887,12.168733762576128,38,12,6
888,17.244545047951707,47,18,16
889,16.321451709907063,44,19,14
890,14.84396141672856,43,20,13
891,13.875610136150852,28,15,11
892,16.92656114941653,43,26,20
893,16.48714677272333,35,19,16
894,14.03912486524344,30,19,13
895,13.768839810451473,32,15,10
896,14.011385186425597,31,21,13
897,15.613913230963476,38,22,14
898,14.990511181308193,45,27,20
899,13.924972883804719,36,20,12
900,15.266756013947631,50,28,17
901,15.523484613433569,40,22,14
902,14.342983444170756,36,15,8
903,16.008918463551755,43,25,18
904,13.59511865666197,37,16,13
905,13.431120306335881,50,26,15
906,14.641347747349817,39,19,13
907,13.923951977323544,42,25,17
908,15.451930758466297,35,18,12
909,15.913417861033968,40,24,17
910,16.4033294812431,43,23,18
911,13.57644873900674,37,16,14
912,13.268433851027567,31,17,10
913,17.32845155502872,40,24,21
914,14.284788274619643,35,21,15
915,15.241482209064904,50,27,18
916,14.320252896339293,40,19,15
917,16.710179734970882,43,24,16
918,15.512001595167746,49,25,20
919,16.071296302983864,35,19,13
920,16.811509782444038,37,24,17
921,17.3516761324253,42,23,18
922,13.152324025440953,36,21,12
923,15.818569449568022,38,24,16
924,15.517564565165403,51,28,21
925,16.43907438734286,46,22,15
926,16.73701104450094,51,25,18
927,12.245099544382093,26,15,9
928,14.351299709579132,43,18,11
929,13.542060827736512,39,20,12
930,13.556550620003478,36,19,11
931,14.27276470671121,41,19,11
932,11.497467391584856,31,10,8
933,13.240152629910506,46,14,12
934,16.17146356377263,35,19,11
935,15.779201742869217,50,24,17
936,18.17459589409578,42,28,20
937,14.112603119116008,39,19,11
938,16.810896836778106,36,22,19
939,13.837858772236158,36,20,15
940,14.632688805409275,34,16,11
941,15.878776956080841,39,21,18
942,12.807998949753847,38,22,12
943,13.620886227952063,47,23,13
944,15.970234405951427,37,18,16
945,14.773928563500343,45,23,19
946,13.22186511844036,45,20,15
947,12.62946442852777,39,22,10
948,16.495576020370844,35,24,16
949,14.927415117341578,42,18,14
950,12.837565169495454,40,18,11
951,12.272798179001404,33,11,9
952,13.222319664402558,40,17,12
953,14.936548743284732,36,19,16
954,15.04395861573848,38,17,12
955,16.479912576260425,41,24,17
956,14.570011147450924,36,21,14
957,12.392944673367825,32,16,12
958,15.917415445647016,45,23,17
959,15.684444146710403,43,23,14
960,16.357856038859314,36,20,16
961,14.635224726962301,26,17,13
962,15.76102492766384,40,20,13
963,14.993266711370786,38,21,16
964,15.30857351553368,40,21,16
965,14.330588613205158,39,15,10
966,18.108033071053207,42,25,22
967,15.229960134377642,33,15,14
968,15.046495843504843,45,17,10
969,19.955246871543075,39,24,20
970,15.173933213737133,34,18,12
971,14.797659791378635,35,19,11
972,15.72801315290984,36,24,19
973,13.90752580719663,38,17,11
974,14.821677486900402,35,22,15
975,18.5482847137727,52,26,21
976,17.075739595800513,48,28,20
977,12.47294099976947,33,12,9
978,16.936210759028203,42,24,17
979,16.778860999134228,41,24,15
980,13.76224875183931,40,18,8
981,16.972406317706152,37,22,19
982,19.031122485136706,43,23,20
983,14.212099995748876,30,15,10
984,16.383369794096577,37,18,17
985,14.498207600164507,26,16,13
986,13.409575517154776,34,19,15
987,13.743697969323934,32,16,13
988,14.466282496721925,35,17,13
989,12.229357252503007,40,13,9
990,12.134916279818565,33,14,10
991,15.441505646997111,35,17,9
992,15.503845296235427,41,20,16
993,14.056073972831204,29,17,13
994,14.84240169425578,36,17,15
995,14.78006099464639,31,18,15
996,14.608705543527906,39,18,11
997,14.2111919298537,33,14,12
998,16.801058323933685,37,20,15
999,16.761998723273006,48,23,19
1000,12.869464259118132,35,16,10
1001,14.13462884849678,35,18,10
1002,16.48796158638703,45,20,14
1003,13.81290149607097,30,20,14
1004,14.569348501902706,33,17,9
1005,11.132579629375632,34,11,8
1006,16.128478424435983,44,22,15
1007,15.322480882721147,36,18,13
1008,15.277273521097177,40,21,16
1009,14.526649137052202,35,18,13
1010,16.98931881811744,42,22,15
1011,15.693172198926884,42,26,20
1012,14.87685366803568,45,24,17
1013,13.129018973598223,33,16,11
1014,16.657451954224904,48,30,21
1015,15.39864052010116,36,19,16
1016,16.753370782421836,39,19,15
1017,12.367555212897141,37,15,12
1018,14.38247301822295,33,16,15
1019,15.121231369852367,31,14,11
1020,19.421863811627507,46,30,21
1021,17.237119154102338,47,28,18
1022,13.671935989298934,27,10,7
1023,15.204294657279757,48,29,23
1024,18.035525949277964,46,27,21
1025,15.182832683562182,33,17,11
1026,15.007241118594214,44,28,20
1027,13.186037488069104,38,19,14
1028,12.268096824032902,23,11,9
1029,15.280348352308662,31,16,11
1030,14.579358489170348,46,20,14
1031,15.358133534996353,33,18,13
1032,17.874932656487093,23,15,9
1033,12.885359637673144,26,18,11
1034,15.430934635703197,44,20,13
1035,14.363510392550454,29,13,11
1036,14.045785125168688,29,15,10
1037,13.411529717813323,33,20,14
1038,15.095153774454023,43,26,20
1039,14.771496249134284,45,20,18
1040,16.37562131335513,46,27,22
1041,16.661249413892282,39,24,20
1042,15.873695104011064,59,26,16
1043,15.397191749245282,55,27,21
1044,14.091578574520792,20,11,9
1045,16.323672362743373,39,18,15
1046,14.470039418355933,44,22,17
1047,15.501617994191031,36,16,12
1048,18.09981875619148,56,35,26
1049,15.39245591786707,38,21,15
1050,15.463770741847274,35,21,15
1051,12.612493841630247,35,14,8
1052,12.76691496323156,32,10,8
1053,16.9070494837133,44,21,18
1054,13.958830328844142,37,18,16
1055,13.058498876828834,36,14,11
1056,15.169375883415354,37,17,13
1057,18.010933249502017,37,19,15
1058,13.525508163021978,38,19,13
1059,15.325125841224768,53,29,16
1060,14.721767588687678,45,26,13
1061,12.228459241683014,30,14,11
1062,15.412125833470423,34,20,18
1063,14.073351923245127,33,17,10
1064,13.632351406119824,28,14,10
1065,16.95448138159168,41,24,16
1066,15.37483810671021,40,23,17
1067,17.049033545138855,44,22,19
1068,15.763218348672876,44,23,16
1069,14.40954996372803,34,15,11
1070,13.500153950303657,35,19,14
1071,15.61763773407726,40,19,14
1072,16.325590138303717,39,25,18
1073,13.387026800792498,39,21,14
1074,17.56082071161335,37,19,15
1075,15.582768434227518,42,25,17
1076,16.374977602158264,43,23,14
1077,15.833322916839293,46,24,16
1078,13.320000411993767,38,21,10
1079,13.80428910952021,48,20,13
1080,14.163327850056666,40,21,16
1081,13.182746688191209,33,18,12
1082,13.286740144787597,34,17,9
1083,13.028127644525817,33,16,12
1084,15.383567707269686,33,17,11
1085,18.401322723794323,37,17,16
1086,15.395259185722843,33,20,11
1087,16.379153877329106,43,26,18
1088,12.638228864079142,39,21,11
1089,21.245132774109976,47,26,19
1090,11.73701605029351,30,17,11
1091,14.77542324917826,35,18,13
1092,14.821022812523648,36,18,13
1093,14.527926581760084,36,22,18
1094,12.977981906015112,24,13,10
1095,14.415150510780268,42,18,15
1096,11.724125435104245,34,13,9
1097,14.232907293783489,37,20,14
1098,15.60683265114053,47,26,22
1099,13.387006797337895,42,21,13
1100,13.722356087487784,36,17,15
1101,14.43993295032347,33,19,14
1102,13.650769547125872,34,15,12
1103,16.905136834705594,42,30,23
1104,15.954657639325855,38,19,11
1105,16.51900513989737,49,27,17
1106,14.212156201308686,39,22,14
1107,18.10164599026281,43,19,14
1108,17.523982586116713,34,24,18
1109,13.817640952047597,35,14,10
1110,16.193096520599262,38,21,14
1111,13.65582112978598,30,17,13
1112,12.323542931785328,34,12,10
1113,12.988188725208035,34,16,12
1114,13.286180318934528,29,18,12
1115,15.535280870404122,32,12,12
1116,13.96815581547005,51,19,12
1117,13.8923747489622,39,18,13
1118,15.215803662222102,39,19,13
1119,13.752419203131288,35,15,12
1120,17.313456090258846,36,21,17
1121,14.613860701391985,36,16,14
1122,20.56791329323336,58,33,27
1123,16.06404341221603,45,22,18
1124,14.695562662440217,47,25,16
1125,14.736578788335725,46,27,19
1126,15.10948303549007,47,21,13
1127,15.352921528845956,33,18,11
1128,13.726177978211979,45,20,15
1129,18.76571076292748,38,22,17
1130,14.697339986366426,42,18,14
1131,14.915212657274738,34,17,9
1132,12.559588884687049,41,14,10
1133,19.02896686457673,53,26,21
1134,15.468413910351316,49,22,14
1135,14.237304100206499,37,17,9
1136,15.408942367483608,41,23,18
1137,16.656651165270354,50,28,18
1138,15.930004613751862,42,27,18
1139,17.337837377314543,41,22,19
1140,14.946829167712572,43,16,14
1141,10.740225931038436,40,14,8
1142,15.222682889230459,50,22,14
1143,15.503303090020209,41,20,18
1144,15.954591375859495,33,20,12
1145,16.54802432483994,46,23,17
1146,15.451098181801587,51,22,19
1147,15.513025174530862,52,21,18
1148,13.749773950615003,46,20,12
1149,11.161957326636545,28,14,8
1150,13.307794381626293,30,17,14
1151,13.955720194867524,31,16,14
1152,12.702709623099096,33,17,10
1153,14.287223438732488,41,20,13
1154,15.380176675926958,40,19,15
1155,13.618898641904575,41,16,14
1156,14.05589508133457,33,16,13
1157,14.447995689180136,37,22,16
1158,15.521805525516648,48,21,16
1159,16.763043468239033,42,25,18
1160,11.393721519632523,28,12,8
1161,14.841740351380139,38,17,11
1162,15.713809358354633,44,21,17
1163,14.20092656213582,36,14,11
1164,15.91591416350687,34,23,17
1165,17.242018858439426,36,19,10
1166,15.41172747512286,39,18,14
1167,13.171958941023883,34,18,11
1168,14.934359038271138,37,17,11
1169,15.905395889949999,40,21,14
1170,15.694520147406877,50,24,19
1171,15.679198293142525,43,27,19
1172,15.72680652743691,40,21,16
1173,14.14400300920377,34,18,13
1174,11.598202732163797,26,8,6
1175,14.49637409716181,33,15,12
1176,12.77122551438204,35,17,12
1177,14.706800039538741,46,22,19
1178,14.683606330354772,27,15,14
1179,13.201432766084837,33,12,6
1180,14.146850045089002,31,19,13
1181,14.301242610798242,33,17,11
1182,16.768652531205873,41,24,18
1183,17.22344518882139,41,22,17
1184,15.0251591622134,40,19,12
1185,16.319812170724436,43,23,17
1186,16.435943469245558,40,20,15
1187,17.610677290081707,43,21,16
1188,13.187791014974325,49,22,12
1189,17.260414035282903,40,28,19
1190,10.734656221795083,28,12,9
1191,14.622956521862989,40,21,18
1192,13.564198235795216,34,20,11
1193,15.037312050507287,44,22,16
1194,14.000875127108548,34,14,9
1195,15.26123555008986,35,19,15
1196,15.476656815174675,42,25,18
1197,14.194482622941413,43,18,13
1198,15.403339489151165,36,16,15
1199,12.91293665198026,43,22,13
1200,15.552478349689178,37,21,14
1201,13.514697266207572,37,20,13
1202,14.215522550880742,45,21,14
1203,17.348256930089246,45,26,21
1204,17.576976636364886,33,23,16
1205,13.627117385690514,34,16,13
1206,15.881485625032232,34,17,13
1207,15.223809544978884,42,20,13
1208,15.359273327979167,44,23,14
1209,14.74080590782065,28,17,13
1210,14.158597840257231,34,22,16
1211,16.631684610714046,56,28,18
1212,14.50054366754803,46,24,16
1213,12.509291370056749,29,17,7
1214,14.232995665726543,42,20,15
1215,15.50766802492935,34,21,13
1216,13.421191326521114,46,22,9
1217,13.553851790727908,42,19,13
1218,13.094269674736559,32,19,12
1219,16.901649359714675,53,27,20
1220,12.875185456354435,32,15,7
1221,12.288106786791458,24,9,8
1222,16.87441714388891,36,20,11
1223,17.934222267134363,45,27,21
1224,14.411915598360045,39,20,9
1225,16.544309659129954,38,18,14
1226,13.225010943465378,34,15,11
1227,15.793180547979096,44,22,16
1228,12.919600498349084,51,22,11
1229,11.964301521601511,32,13,9
1230,16.36813901691085,39,23,17
1231,15.159996005677815,40,18,11
1232,15.583413457210451,42,17,14
1233,14.051911902021036,29,18,13
1234,14.863728252800096,43,20,14
1235,18.041899624158003,42,24,17
1236,15.826792252542747,38,18,14
1237,13.399832294106654,45,19,13
1238,15.220560475690576,41,25,19
1239,15.375168916819545,41,15,13
1240,13.855628812752201,37,18,14
1241,18.748749750898334,51,29,23
1242,14.871613389577181,46,20,17
1243,14.828797937764653,50,24,11
1244,13.565812878286028,45,23,14
1245,14.990812896581025,43,25,18
1246,14.471258221009654,53,24,16
1247,14.01138797874461,38,16,12
1248,17.14198052928777,46,22,20
1249,13.852764003351503,28,12,10
1250,18.763856457274773,46,20,18
1251,15.520470697566834,50,19,13
1252,15.707652443000063,54,27,20
1253,15.877743547791061,39,23,17
1254,16.57605247474342,30,21,17
1255,14.89776979437068,36,20,17
1256,14.299751901143031,42,25,16
1257,13.85746291084229,45,18,12
1258,12.770015357730266,35,13,7
1259,12.788263939923455,29,15,10
1260,13.6617775114795,40,17,12
1261,16.238436437944635,33,21,19
1262,13.375433404563168,32,16,12
1263,15.381922555541735,38,17,14
1264,14.73259429920037,35,17,12
1265,13.523538247092224,39,15,7
1266,17.35244144847303,43,21,16
1267,15.037317364987851,44,23,17
1268,16.61354937236837,41,23,18
1269,16.806045814725362,46,27,19
1270,14.560012452076315,47,22,18
1271,17.105137680760407,48,24,23
1272,11.863442677614408,26,10,6
1273,14.24052531238658,40,17,12
1274,15.366784650245547,34,20,16
1275,14.889665287331981,41,19,16
1276,12.766705117919432,33,15,13
1277,16.101199882141312,30,15,11
1278,13.480641373051972,28,14,14
1279,13.283120769736252,40,15,10
1280,17.189298261590434,45,24,20
1281,15.90440746108609,32,17,13
1282,17.232243742666206,40,21,13
1283,13.664392343613368,38,16,8
1284,14.978973736729364,33,22,18
1285,14.525218733593995,45,22,13
1286,14.067671681005544,35,17,13
1287,16.358690329019087,44,25,15
1288,12.697724185633609,34,10,8
1289,16.540720204735052,46,25,17
1290,14.224688183776665,34,18,13
1291,11.479676372419528,25,14,10
1292,14.188997517941674,37,14,13
1293,18.073919339941455,49,28,21
1294,14.711211991378821,45,18,11
1295,13.975451218271628,35,20,13
1296,18.34342738557548,48,25,22
1297,13.528365483938629,33,20,12
1298,13.367920487620133,27,14,8
1299,19.834633745851647,48,27,21
1300,16.022429026345677,36,21,15
1301,12.253321360306309,38,16,11
1302,16.3863409362414,42,26,16
1303,18.363296101635466,32,19,18
1304,13.838033648078088,38,15,10
1305,15.178259804649919,52,22,17
1306,14.941354479745264,40,23,15
1307,16.81938829657993,43,19,15
1308,17.309906406029775,43,23,19
1309,11.924199043090328,32,14,8
1310,15.367284974739237,35,18,10
1311,13.56509195401103,36,14,8
1312,13.660176649426845,38,19,13
1313,16.86490329544615,47,25,18
1314,14.70338836152187,38,21,17
1315,12.307131364393992,31,15,10
1316,17.075360704787197,37,22,15
1317,13.25757313266913,36,18,15
1318,12.125365802192183,37,15,8
1319,15.621162597633854,34,24,16
1320,14.135162141651671,36,17,11
1321,18.63955118851939,38,25,20
1322,15.636447547532267,43,20,16
1323,13.222754565529595,37,16,11
1324,14.171519168426721,38,18,11
1325,14.703040941694063,39,20,13
1326,13.184776212494436,34,17,11
1327,14.365463047601551,44,23,13
1328,16.512800292899776,48,31,23
1329,14.424546157887612,39,17,15
1330,16.305059980849936,29,17,12
1331,21.603913375975264,40,27,24
1332,12.275852691242306,38,13,10
1333,15.413961865858756,37,17,12
1334,13.622119086186707,39,19,12
1335,16.44416797168897,33,19,13
1336,19.33361894267845,40,25,23
1337,14.603992091245006,41,16,12
1338,14.13783363315304,35,15,14
1339,12.24585658129472,34,17,10
1340,12.809985680771431,32,19,7
1341,19.161602675417225,40,27,20
1342,13.811623113614312,42,22,11
1343,15.519338268942464,39,17,14
1344,13.194760683501421,45,18,10
1345,13.807392930822731,37,16,11
1346,13.570391521846505,42,20,13
1347,16.536647932830977,35,23,17
1348,14.560761803328456,49,23,15
1349,17.251709902585716,45,27,22
1350,13.826518229122506,40,15,13
1351,15.506928407928237,45,17,12
1352,14.999427760648393,35,20,12
1353,18.36434203850152,41,22,16
1354,14.285772994869705,35,22,11
1355,16.77406738289078,40,21,12
1356,17.2794685117295,35,20,15
1357,11.661459629310162,32,14,9
1358,15.700287866371921,40,20,14
1359,17.616308866789097,52,27,21
1360,14.093153194546797,37,22,15
1361,16.88846239858348,45,22,20
1362,16.536938019363674,45,25,18
1363,16.172502700053432,34,19,11
1364,16.005874358705334,54,24,17
1365,14.987340209142394,42,19,15
1366,17.774231245964625,43,19,13
1367,15.386460459649504,33,14,10
1368,14.886130802265521,37,21,13
1369,17.364287165253856,45,28,17
1370,12.423830606684303,37,15,11
1371,16.712694613292737,48,27,14
1372,13.531532360897112,35,14,11
1373,14.216273733590866,42,19,17
1374,15.603388754804179,42,22,16
1375,14.165292527759489,35,19,14
1376,16.935083142434255,54,30,15
1377,15.470818492318411,44,21,13
1378,14.286225124175402,32,18,13
1379,17.05292024839134,43,22,14
1380,15.144605408890389,43,25,19
1381,15.00459527191959,31,19,14
1382,17.65986663714246,49,28,18
1383,16.385309806216043,44,24,15
1384,17.248046835693792,44,23,19
1385,13.829058622611612,39,16,11
1386,15.419184873115915,37,20,14
1387,12.250947479922278,29,13,6
1388,11.268979897527405,26,12,8
1389,13.88105773677928,43,18,13
1390,13.46800114118784,26,15,10
1391,17.08205299252175,41,25,16
1392,14.181719189774633,38,17,12
1393,13.521011229630233,33,14,8
1394,14.557046221297483,36,20,17
1395,18.278000553150513,37,23,19
1396,15.90993792921812,44,23,18
1397,15.2468534950712,39,26,18
1398,16.222827231679975,41,19,13
1399,13.498429259822052,32,15,10
1400,15.375793210503817,42,18,14
1401,13.555243524379424,37,16,12
1402,16.696872567132125,39,28,21
1403,13.335305035030412,40,17,14
1404,16.79890171815952,41,21,17
1405,15.269345398422729,33,19,18
1406,14.388104778061898,42,21,14
1407,14.762627492551129,41,18,14
1408,17.129245391601017,38,17,12
1409,17.911257433684682,43,24,18
1410,14.719301514888334,40,19,16
1411,15.17698247479524,44,22,16
1412,14.12346724897154,39,20,11
1413,13.79728302970183,34,21,16
1414,16.563319032870204,35,23,17
1415,16.120888347918083,30,19,14
1416,11.977103685731505,38,17,6
1417,13.809888075279531,34,21,13
1418,12.944102840575185,44,21,15
1419,11.216326024162335,26,8,6
1420,17.00402621039223,41,19,15
1421,14.577227741663341,31,19,13
1422,13.834501478799188,27,14,12
1423,15.36766336266992,37,18,15
1424,12.382899637021398,30,13,7
1425,12.960729328362698,39,13,9
1426,15.480872851562317,38,19,13
1427,15.75791427223193,40,20,16
1428,12.410950994198197,33,18,16
1429,17.794884191101627,33,18,15
1430,14.329104757917394,40,20,15
1431,16.54737295478709,35,18,14
1432,14.473289984933945,42,21,16
1433,16.99503751043188,39,24,16
1434,12.857767004816843,40,17,11
1435,14.959689967321053,29,16,12
1436,14.708254394765305,44,22,14
1437,14.82689710529831,32,18,11
1438,13.413325295565382,45,17,11
1439,14.242021224904924,26,16,15
1440,13.05320381499823,39,19,11
1441,17.298558713374803,35,19,13
1442,15.327843136086742,39,24,19
1443,13.435170833070394,27,10,7
1444,11.271205664142323,39,18,10
1445,13.554124656364483,43,18,13
1446,16.06374729008491,45,27,17
1447,16.917774657345657,40,21,14
1448,14.995718284546076,33,18,16
1449,14.927885561395092,45,22,17
1450,15.717754319660719,44,25,17
1451,16.135476387921123,47,24,16
1452,18.209116810639756,43,28,16
1453,15.30024385970034,38,20,14
1454,15.702658688225595,33,17,14
1455,13.648207248976219,39,17,11
1456,10.576727762015635,26,11,7
1457,11.697280790904724,27,12,9
1458,13.076859825654031,36,18,11
1459,13.254283144749149,32,13,10
1460,12.212356427855658,23,10,7
1461,14.642845214319975,30,14,9
1462,13.964166316339673,40,15,7
1463,13.354964109289972,34,19,13
1464,15.473215209258603,43,21,16
1465,15.733384254774462,29,16,15
1466,12.678990006375932,29,15,9
1467,14.880085289420016,40,20,15
1468,14.427832899758924,34,18,16
1469,15.545218556311934,43,20,14
1470,13.702655243023482,35,18,15
1471,16.570913935334772,38,23,16
1472,12.690246528892944,40,16,9
1473,14.041575361922924,42,17,12
1474,14.080567298633989,40,18,9
1475,18.383921486520965,39,24,19
1476,12.439720256840406,40,15,12
1477,14.205687861581401,31,17,11
1478,15.777729027321115,40,18,11
1479,15.816883032817662,37,17,10
1480,15.595713938680502,48,21,17
1481,19.1502731159891,45,25,19
1482,13.711610305342,36,17,13
1483,15.243269505776267,46,21,19
1484,11.682812599122377,26,12,11
1485,15.80653026700034,39,16,13
1486,16.36837335872902,53,27,21
1487,12.947224717976612,31,16,8
1488,17.403416263510234,55,28,22
1489,15.090534242601771,37,19,15
1490,15.145867928182494,36,22,13
1491,16.809669987005556,42,25,18
1492,14.407444932102612,30,12,6
1493,14.055014506807055,42,24,16
1494,14.651275729038485,33,18,14
1495,12.801485061154963,41,15,9
1496,15.438061566235882,39,21,17
1497,13.43185025317602,28,13,9
1498,14.275472243736886,31,17,13
1499,13.492385792635753,31,20,14
1500,13.612269535357434,33,14,8
1501,14.120663620722405,32,21,16
1502,17.832458696989384,38,16,14
1503,12.995336628693522,44,17,9
1504,16.444875469726213,42,23,18
1505,15.259243415887205,36,13,13
1506,17.421412878630505,50,24,23
1507,15.35454321438377,39,21,16
1508,19.211141591910664,51,26,21
1509,16.17227259746657,46,28,20
1510,15.510020703415757,42,21,19
1511,15.590007126890196,43,23,15
1512,15.506116414380985,36,23,15
1513,17.24973353813997,49,36,23
1514,16.25357956539482,45,27,20
1515,12.870018257361851,31,17,11
1516,16.361488311211563,42,26,17
1517,15.081866578237623,30,13,12
1518,15.68502578538367,37,23,16
1519,15.491928227112362,48,24,17
1520,10.505415586857367,23,9,6
1521,15.667271064720772,38,19,14
1522,14.685292015180103,32,17,13
1523,15.629409867815378,41,25,17
1524,15.601314460859562,38,18,15
1525,14.356338373539987,45,23,14
1526,14.222846140499556,42,26,15
1527,15.503901987351979,40,17,13
1528,12.446381144045754,30,20,12
1529,13.230223294676753,33,15,9
1530,16.20628526559046,30,14,14
1531,15.08538829368971,44,18,10
1532,17.08744464634434,47,30,18
1533,14.751217476560722,26,17,14
1534,17.84933791908907,39,23,17
1535,17.50428043136278,51,33,23
1536,14.543797258594271,34,15,13
1537,13.252135204316213,36,20,12
1538,12.3955071413522,35,17,10
1539,15.10015629323439,42,19,13
1540,16.747668778630437,44,24,15
1541,14.313469907044416,38,16,10
1542,14.424417249979944,37,21,20
1543,14.035795432665207,36,16,13
1544,15.27517342013874,40,17,13
1545,14.378283860222165,32,16,9
1546,13.962343473764664,37,15,12
1547,16.246858731512514,40,23,17
1548,15.853961272533887,41,23,17
1549,16.484485490249252,39,24,18
1550,15.887355551424122,38,20,17
1551,14.546026504587719,34,19,15
1552,14.60889903518793,48,21,13
1553,17.35336710718177,44,22,19
1554,16.198805143690173,38,22,13
1555,14.114524472154386,45,21,17
1556,15.247443781061019,42,23,16
1557,15.694272612925317,40,22,18
1558,20.30909945328774,50,32,23
1559,13.61948970608964,41,15,10
1560,14.893379537788014,31,12,9
1561,14.598983385498462,48,18,16
1562,13.962553232861199,38,18,14
1563,16.37485291601408,41,25,20
1564,16.279021156823664,32,20,19
1565,14.125441410370936,37,19,13
1566,13.820411953989455,31,14,9
1567,16.435761107747805,39,25,17
1568,13.970654940565968,23,15,13
1569,13.423854301062965,39,18,13
1570,14.355260477673967,42,18,16
1571,13.98670526485732,24,11,9
1572,13.697970144039147,38,18,11
1573,15.987195604318297,43,22,15
1574,14.418449169088278,43,20,15
1575,14.805052460129115,47,27,16
1576,12.402311777691573,31,14,8
1577,17.74088137648458,37,22,14
1578,18.608344896990303,55,34,22
1579,14.765352009092936,30,15,12
1580,14.311658650955033,36,16,13
1581,15.952956658197287,41,23,17
1582,15.782970591899742,40,24,14
1583,16.708078107533197,35,25,20
1584,13.87991895928304,34,15,11
1585,17.45409364536449,48,23,21
1586,16.35157347062803,43,20,18
1587,13.952589251646113,39,17,10
1588,14.509685221312807,33,16,13
1589,15.377513610104435,47,23,14
1590,16.373357534621512,43,23,15
1591,16.431644196390526,36,24,18
1592,13.811416602798024,34,18,11
1593,18.144405648194734,28,22,19
1594,14.238248913218424,34,15,10
1595,14.829736097046043,46,17,13
1596,15.130351999399245,43,22,17
1597,14.378629149517074,40,16,9
1598,16.52039764001314,39,23,19
1599,15.331716942491278,44,25,19
1600,14.254959319344758,31,16,11
1601,10.817768778638149,33,11,7
1602,17.17867982976046,46,22,19
1603,15.743926035255004,33,17,13
1604,16.050744813870505,41,19,13
1605,16.086605154937715,30,15,13
1606,13.350091472261207,31,15,12
1607,15.260095990366754,41,18,14
1608,15.776708643552222,34,16,11
1609,13.27677377184954,27,15,13
1610,14.704011171550404,36,16,13
1611,14.819365875991464,36,20,15
1612,11.304253697622485,23,14,9
1613,16.040647040739113,38,21,12
1614,17.110294371383876,42,26,19
1615,14.492912335026567,38,19,13
1616,15.801934011059688,34,18,14
1617,13.033144145863988,28,17,13
1618,13.96571987336671,42,19,11
1619,13.796518880089607,41,22,13
1620,18.231306132270827,46,24,18
1621,13.501963853066844,42,21,13
1622,16.260733284627136,38,24,15
1623,17.20358450745531,48,24,16
1624,18.93851340991199,49,27,19
1625,15.239716809575269,38,22,17
1626,16.79932732392808,37,24,16
1627,16.170921442041372,46,28,20
1628,13.342167137490158,34,15,10
1629,13.821261760800981,31,19,13
1630,17.559902101817425,41,21,15
1631,17.19391254287788,45,30,20
1632,17.26006533346595,37,17,14
1633,15.721470845074293,42,21,15
1634,12.466942512452052,30,16,10
1635,14.48533130401624,39,17,15
1636,12.60819126853855,28,14,9
1637,16.714428029397325,42,22,14
1638,14.53086899078269,38,14,12
1639,14.60889299225093,45,20,10
1640,14.922855525263422,43,25,18
1641,13.974658101363142,25,14,11
1642,14.730414263168113,47,23,19
1643,16.38838115587217,40,22,15
1644,19.476990625236667,40,24,21
1645,12.262035661264912,29,11,9
1646,16.628919966243885,41,20,14
1647,16.187021683778944,38,19,14
1648,13.450706008335958,38,21,13
1649,14.03082779921169,34,20,14
1650,14.287658460510986,39,20,9
1651,19.078096829882682,35,19,15
1652,12.483351828581645,26,16,10
1653,14.341438323855922,32,19,12
1654,15.02496435501231,31,14,13
1655,14.217696027794663,37,21,13
1656,11.89091829465759,32,16,10
1657,15.956093601271183,43,21,17
1658,15.386839496253552,39,21,17
1659,15.913043093464717,40,18,14
1660,12.621922283693943,40,14,8
1661,18.59182073460639,38,24,18
1662,18.4115322391877,41,27,17
1663,17.589384895097098,41,29,19
1664,13.864829410063203,47,23,15
1665,15.304441299863988,45,23,16
1666,13.650559026013243,33,19,12
1667,14.327871118563836,32,15,13
1668,13.154600036822137,37,15,9
1669,14.654829942938607,40,21,15
1670,15.653602029252657,36,22,14
1671,16.536419254713703,39,19,14
1672,11.460735348675003,33,16,9
1673,14.996091740639091,36,20,18
1674,15.323381415814394,30,16,10
1675,15.67490903967043,34,18,14
1676,15.234503851150299,35,19,16
1677,15.133273977203325,45,21,14
1678,15.043864724029746,38,17,12
1679,14.45009766171258,41,18,11
1680,17.840703775566404,50,27,24
1681,13.205035946639672,37,17,14
1682,17.30180700298917,39,25,13
1683,19.193150361369756,47,28,26
1684,17.324337752092582,46,27,19
1685,15.297957251876738,28,14,12
1686,13.330603351028351,37,17,8
1687,15.432015049293858,44,22,14
1688,13.26721892372181,29,17,12
1689,13.88695296859025,42,21,18
1690,18.462280916130045,32,24,21
1691,13.903985894914777,37,24,13
1692,17.73719399452604,45,26,19
1693,15.353450287804067,39,21,18
1694,17.220269064135714,44,29,20
1695,15.970162659416802,46,24,17
1696,17.278306327640788,39,20,14
1697,15.463862334597675,36,19,13
1698,15.916409304554435,43,23,17
1699,16.933104912469283,50,29,25
1700,17.714002221237777,43,27,21
1701,12.898940394013172,31,15,11
1702,15.666522743899627,36,19,15
1703,17.69538000048351,47,21,16
1704,12.587674191387585,33,12,6
1705,17.5842233135549,46,30,18
1706,14.636093944667161,42,23,19
1707,14.246361098981067,28,15,10
1708,18.22677246150184,45,28,19
1709,10.791281612670465,31,10,8
1710,13.763732620761813,34,19,13
1711,15.356055874997637,37,24,16
1712,14.115173276928585,41,23,17
1713,14.870956056240384,32,19,14
1714,17.446333500959373,50,29,24
1715,14.71321920612857,32,15,15
1716,16.649820547446392,42,25,18
1717,14.203547073746405,41,21,17
1718,14.453234870261035,50,23,17
1719,15.788923815020102,48,24,13
1720,15.340184893577856,38,22,15
1721,14.651570385155878,45,21,17
1722,14.241071950764002,40,21,15
1723,14.476335151845698,37,13,11
1724,17.08400582320836,35,22,14
1725,14.897304631165364,35,16,14
1726,17.931555043239502,48,27,17
1727,14.437820807321174,31,13,11
1728,15.056305240741045,36,22,12
1729,14.87954753473783,34,18,9
1730,16.501772545163433,39,23,17
1731,14.241067139025299,32,14,7
1732,18.563847575952124,31,20,15
1733,15.404641389829164,49,25,18
1734,15.461101775404135,30,17,11
1735,13.839337476903363,40,23,15
1736,14.512085027395297,44,21,18
1737,15.8401707455991,41,25,14
1738,14.526214437884704,36,16,15
1739,13.099388316016192,38,16,12
1740,15.655911934319935,44,24,15
1741,15.712799863318262,35,17,13
1742,13.995822004252675,38,18,11
1743,18.67979292696325,48,25,18
1744,13.177260351045225,34,16,11
1745,14.487510127028708,39,16,12
1746,15.464674458055336,44,23,18
1747,14.021631928832628,38,21,13
1748,14.295987252439632,35,21,14
1749,13.45972864292276,40,17,11
1750,13.459449776431521,37,18,13
1751,13.232670961886603,34,16,8
1752,17.911640883640395,33,21,11
1753,14.048322983526182,32,13,10
1754,14.878165440355572,46,23,17
1755,15.295901606551771,41,23,19
1756,13.380097098483525,32,17,12
1757,15.453256160263823,48,21,18
1758,16.503029394365083,49,25,18
1759,12.342256961461405,32,16,7
1760,15.666355382076514,40,23,18
1761,14.068235497981002,35,17,13
1762,16.75823065899976,48,22,16
1763,13.46888686138135,38,17,11
1764,16.63020758194562,42,22,18
1765,16.121483874974544,39,19,15
1766,14.668088708150782,35,19,15
1767,18.03432433068096,50,28,23
1768,17.701385964357733,41,26,21
1769,15.502166732888359,36,19,13
1770,15.423151634386752,45,21,16
1771,17.88557511480328,38,21,16
1772,16.215234196927494,36,22,16
1773,12.5110647521526,38,17,9
1774,16.505494183047553,40,24,22
1775,14.161780953674187,39,23,14
1776,15.451023446885406,50,23,17
1777,16.848348553553205,50,28,20
1778,16.20995567158254,42,20,14
1779,12.850456138971122,34,14,9
1780,12.871136619556548,39,20,14
1781,15.190959574229183,45,22,18
1782,14.870609232215532,36,21,15
1783,15.519537194954204,28,11,7
1784,14.122348990974837,32,19,16
1785,14.960097748860235,37,20,12
1786,17.180683512762837,34,19,14
1787,19.52418739101529,47,26,22
1788,14.069676573151625,35,16,13
1789,16.014816095340272,31,21,17
1790,13.441128622019798,26,13,9
1791,15.011829721152637,41,21,16
1792,16.515553916892483,39,22,16
1793,13.586496150798272,30,14,11
1794,17.18301649892855,37,19,15
1795,15.502518577027155,41,25,14
1796,20.170427430560103,36,20,16
1797,14.76518742358545,46,21,15
1798,15.442977625585199,46,26,20
1799,12.733776093270512,43,20,11
1800,14.930426445168097,41,20,15
1801,14.226374345751372,33,14,11
1802,13.52065349258051,30,12,9
1803,13.990204106961942,46,19,14
1804,16.04773535812247,42,21,14
1805,14.658398683194125,34,18,13
1806,16.065852014713453,44,23,13
1807,13.889075318392095,33,15,12
1808,15.697528610096546,37,22,14
1809,11.783932778578702,27,14,10
1810,15.78296206486693,41,22,18
1811,13.922888284108776,44,18,13
1812,14.334858002225426,35,16,11
1813,12.720991620140683,34,17,12
1814,13.425364812961305,37,18,12
1815,18.779552522403478,46,32,22
1816,13.922123727087047,37,20,13
1817,14.467303436701595,36,17,8
1818,15.031911888910406,46,26,17
1819,18.656796663868096,40,23,15
1820,14.962585153303447,42,20,13
1821,16.522679206903153,41,20,16
1822,13.789609413003129,35,18,13
1823,14.357083213469336,42,24,17
1824,13.583463639879422,38,19,13
1825,17.26637080967404,31,16,11
1826,15.324621323509616,39,23,14
1827,13.906031459967101,44,25,16
1828,17.347899813506107,39,16,14
1829,20.841570037029683,37,23,18
1830,14.168645709363561,36,16,11
1831,17.010683272634427,41,24,15
1832,18.981646672038725,35,19,15
1833,15.764128203674959,30,19,13
1834,17.116543756844333,50,20,13
1835,14.611407408206933,38,20,9
1836,12.42793492770033,34,13,11
1837,12.530605476618048,34,15,9
1838,17.39174061524253,41,21,17
1839,15.904479680920508,41,23,14
1840,15.412416496503377,42,23,17
1841,15.189334056328754,35,21,10
1842,16.886902456708878,42,26,17
1843,15.896561104748212,54,22,16
1844,15.706361321721394,41,18,15
1845,16.719772872978393,34,19,17
1846,15.676945354043061,39,20,17
1847,13.797811416935854,37,19,13
1848,13.158786143198967,32,14,9
1849,16.908736332066272,39,26,19
1850,15.963506110848872,32,18,14
1851,15.353658694634321,34,19,15
1852,15.395782453683621,45,27,19
1853,14.024353399884722,36,19,15
1854,11.622295611704587,27,15,4
1855,18.975342421583377,41,20,17
1856,13.156598139170192,29,14,11
1857,16.49094299130324,48,21,13
1858,15.212674136597997,45,21,18
1859,16.121303098759626,41,23,20
1860,16.010519127171154,40,23,17
1861,12.55511113700929,42,15,10
1862,17.518816819593862,36,20,14
1863,11.739292593723029,33,11,7
1864,13.759376744542026,39,14,8
1865,15.941651240165582,48,22,17
1866,16.156280077519828,48,24,13
1867,13.889215885118512,26,12,10
1868,17.164497836464886,43,23,21
1869,18.580653183528305,42,23,16
1870,12.435168708729094,39,15,10
1871,13.481071998542928,23,12,8
1872,14.698334270735353,46,22,13
1873,13.703460575494157,45,26,15
1874,18.181441047891873,45,22,17
1875,14.129692605364243,39,20,16
1876,14.075851721818921,28,13,6
1877,15.062216970291622,41,23,20
1878,14.087303117514764,40,17,11
1879,16.190694836922265,42,23,15
1880,15.034120901570358,37,19,12
1881,11.950016852659193,37,15,10
1882,11.871132335103827,32,17,8
1883,14.000934534745136,43,22,12
1884,15.40381636196342,46,20,16
1885,11.482986709862006,24,13,7
1886,14.957179006868962,36,17,12
1887,16.870844391091378,39,20,17
1888,19.179040905655025,44,29,22
1889,14.03692467967807,36,17,13
1890,15.156353101653876,38,18,11
1891,13.732311308612067,38,20,13
1892,14.005730763514274,37,14,9
1893,12.860475815133892,43,17,10
1894,14.413698579124732,39,20,12
1895,12.513713057476469,30,16,7
1896,13.59350685350102,33,14,11
1897,13.368697398040373,33,17,14
1898,14.638225543724333,34,18,16
1899,15.320075958523192,41,18,16
1900,14.496474477973027,49,24,15
1901,13.433521315272383,36,16,12
1902,14.581057147320363,39,20,13
1903,15.54446802955751,38,25,17
1904,15.68009119780003,42,22,14
1905,17.6900513504808,47,27,20
1906,14.557335765642827,43,21,13
1907,14.785646948053687,36,18,12
1908,14.746101992769795,41,18,15
1909,13.802233388491809,35,15,8
1910,16.876495544270583,42,20,14
1911,14.928662314809175,40,20,10
1912,15.011829136712056,39,23,16
1913,14.04024061905487,33,18,13
1914,13.718621253124038,36,19,10
1915,14.308812959285149,26,14,12
1916,11.65348346075257,43,15,9
1917,15.799954531870354,33,17,9
1918,15.970019427771025,37,20,15
1919,13.63864288753077,32,14,10
1920,12.421251113227063,44,23,13
1921,14.94259384503627,49,27,19
1922,12.52985634075351,45,16,13
1923,16.093477183942042,49,19,13
1924,15.652658121689623,37,21,10
1925,16.25539566219054,41,23,19
1926,15.062730534073141,32,15,11
1927,14.057308242700634,41,18,13
1928,16.76148714872304,44,20,14
1929,13.112100473974014,39,18,12
1930,16.228302584961693,46,16,10
1931,14.940397897502955,34,17,11
1932,14.677355315945888,47,17,13
1933,14.418861809648975,33,16,12
1934,15.381513425893308,33,20,16
1935,14.571912653803484,45,20,14
1936,13.825539771062287,35,18,15
1937,16.028744677115853,41,27,15
1938,13.224606899621158,39,15,7
1939,19.481133856943032,47,24,20
1940,15.821330895162948,36,23,15
1941,15.152335723145736,33,18,13
1942,16.564131383083943,42,24,17
1943,16.700716316493708,39,20,17
1944,12.778401524199293,24,11,7
1945,13.046932734947022,44,17,15
1946,14.325269833962887,34,17,12
1947,12.616384356905522,33,15,9
1948,15.319591295237478,43,30,20
1949,15.238244572145287,40,23,15
1950,14.857428651284511,38,17,15
1951,15.106235124541925,39,20,14
1952,14.02384611768784,35,13,10
1953,15.07274992481034,43,22,16
1954,13.393750554874247,40,22,14
1955,18.061492896797045,44,26,19
1956,13.818525041724335,47,20,14
1957,14.748614135340322,40,20,12
1958,17.272146689841755,47,29,20
1959,15.71918522977657,36,19,16
1960,14.477651610081928,44,24,18
1961,14.525766276653112,39,20,13
1962,15.460325995295033,43,19,15
1963,14.459582378894837,40,20,13
1964,13.415991940454921,38,15,10
1965,17.38213305702019,45,23,18
1966,13.501940366980758,29,16,12
1967,14.237368983425801,34,17,14
1968,16.299557125443307,36,19,15
1969,13.28923285575877,42,17,13
1970,16.307527999734486,52,25,15
1971,14.57930088618246,30,17,10
1972,17.594638274269645,44,22,19
1973,16.86207145906772,38,21,17
1974,12.621604391955701,33,16,12
1975,15.367638401374226,36,21,16
1976,15.217623702757976,42,23,10
1977,13.863767416288413,33,13,11
1978,16.1520873919405,48,29,23
1979,14.228659058379279,33,14,10
1980,15.205450739997179,37,18,15
1981,14.100271848999789,36,17,11
1982,15.381193144480978,38,18,14
1983,14.393463825034884,34,16,10
1984,12.444031778497168,28,13,9
1985,11.676318463035107,34,14,9
1986,14.206380350483588,37,16,12
1987,12.796297945077598,32,15,14
1988,16.00299323973473,40,23,16
1989,12.647870451743218,38,15,12
1990,18.7164890503007,44,26,18
1991,12.940210092526499,41,21,12
1992,16.99018733083708,38,26,17
1993,14.907135219965252,45,19,17
1994,16.69448300590616,37,21,13
1995,13.60581670742941,37,19,15
1996,17.7775431232591,44,34,20
1997,14.391524243765753,31,17,15
1998,12.902537077641416,38,18,11
1999,17.086977924119715,43,24,16
2000,18.027390912571473,52,31,21
